ID_USER,EMAIL,COUNTRY,FIRST_NAME,LAST_NAME,ADDRESS,CITY,ZIP,PHONE
163,ea932@outlook.com,France,Magou,Ebenezer,16 rue Salvador Allende,Stains,93240,0612498376
154,linda.ouchene324@gmail.com,France,Linda,Ouchene,2 rue Paul Verlaine,La Courneuve,93120,0601239450
155,areski.d.pompidou837@gmail.com,France,Areski,Djebbar,5 rue du Président Georges Pompidou,Dugny,93440,0602349873
156,ryad.mebarki926@outlook.com,France,Ryad,Mebarki,36 rue Jean Moulin,Garges les Gonesse,95140,0603946281
157,sabrina.d.doucettes851@gmail.com,France,Sabrina,Djebbar,9 rue des Doucettes,Garges les Gonesses,95140,0604938625
158,michael.b.hippolyte924@gmail.com,France,Michael,Bedia,65 boulevard Hippolyte Marques,Ivry Sur Seine,94200,0605984723
159,jb.mendes.albert1v294@outlook.com,France,Mendes,JB,5 avenue Albert 1er,Eaubonne,95600,0606937824
160,ismael.djebbar.bosnier779@outlook.com,France,Ismael,Djebbar,6 rue de Bosnier,Le Mesnil Amelot,77990,0607984629
161,h.zerouali938v2@gmail.com,France,Hakim,Zerouali,1 allee de la cote d'or,Créteil,94000,0608943751
162,ali.zerouali.closv294@outlook.com,France,Ali,Zerouali,8 Rue du Clos Vougeot,Créteil,94000,0609837429
163,magou.ebenezer.allende932v2@outlook.com,France,Magou,Ebenezer,16 rue Salvador Allende,Stains,93240,0609847265
154,BoardOuchene932@gmail.com,France,Linda,Ouchene,2 rue Paul Verlaine,La Courneuve,93120,0601234567
155,CuriousDjebbar934@gmail.com,France,Areski,Djebbar,5 rue du Président Georges Pompidou,Dugny,93440,0602234567
156,EatsMebarki951@gmail.com,France,Ryad,Mebarki,36 rue Jean Moulin,Garges les Gonesse,95140,0603234567
157,IndabaDjebbar951@gmail.com,France,Sabrina,Djebbar,9 rue des Doucettes,Garges les Gonesses,95140,0604234567
158,JunkyBedia942@gmail.com,France,Michael,Bedia,65 boulevard Hippolyte Marques,Ivry Sur Seine,94200,0605234567
159,MendesGold956@gmail.com,France,Mendes,JB,5 avenue Albert 1er,Eaubonne,95600,0606234567
160,DjebbarCuddly779@gmail.com,France,Ismael,Djebbar,6 rue de Bosnier,Le Mesnil Amelot,77990,0607234567
161,ZeroualiDuchess940@gmail.com,France,Hakim,Zerouali,1 allee de la cote d'or,Créteil,94000,0608234567
162,AliSphene940@gmail.com,France,Ali,Zerouali,8 Rue du Clos Vougeot,Créteil,94000,0609234567
163,EbenezerRap932@gmail.com,France,Magou,Ebenezer,16 rue Salvador Allende,Stains,93240,0610234567
154,Lindagera932@gmail.com,France,Linda,Ouchene,2 rue Paul Verlaine,La Courneuve,93120,0611234567
155,DjebbarPuff934@gmail.com,France,Areski,Djebbar,5 rue du Président Georges Pompidou,Dugny,93440,0612234567
156,MebarkiZap951@gmail.com,France,Ryad,Mebarki,36 rue Jean Moulin,Garges les Gonesse,95140,0613234567
157,Djebbarux951@gmail.com,France,Sabrina,Djebbar,9 rue des Doucettes,Garges les Gonesses,95140,0614234567
158,BediaGold942@gmail.com,France,Michael,Bedia,65 boulevard Hippolyte Marques,Ivry Sur Seine,94200,0615234567
159,JBMendes956@gmail.com,France,Mendes,JB,5 avenue Albert 1er,Eaubonne,95600,0616234567
160,DjebbarSelf779@gmail.com,France,Ismael,Djebbar,6 rue de Bosnier,Le Mesnil Amelot,77990,0617234567
161,ZeroualiZap940@gmail.com,France,Hakim,Zerouali,1 allee de la cote d'or,Créteil,94000,0618234567
162,AliMelinda940@gmail.com,France,Ali,Zerouali,8 Rue du Clos Vougeot,Créteil,94000,0619234567
163,EbenezerRap932@gmail.com,France,Magou,Ebenezer,16 rue Salvador Allende,Stains,93240,0620234567
164,OucheneDuchess931@outlook.com,France,Linda,Ouchene,2 rue Paul Verlaine,La Courneuve,93120,0621234567
165,AreskiGold934@outlook.com,France,Areski,Djebbar,5 rue du Président Georges Pompidou,Dugny,93440,0622234567
166,RyadZap951@outlook.com,France,Ryad,Mebarki,36 rue Jean Moulin,Garges les Gonesse,95140,0623234567
167,SabrinaZap951@outlook.com,France,Sabrina,Djebbar,9 rue des Doucettes,Garges les Gonesses,95140,0624234567
168,MichaelGold942@outlook.com,France,Michael,Bedia,65 boulevard Hippolyte Marques,Ivry Sur Seine,94200,0625234567
169,JBMendes956@outlook.com,France,Mendes,JB,5 avenue Albert 1er,Eaubonne,95600,0626234567
170,IsmaelDuchess779@outlook.com,France,Ismael,Djebbar,6 rue de Bosnier,Le Mesnil Amelot,77990,0627234567
171,HakimZap940@outlook.com,France,Hakim,Zerouali,1 allee de la cote d'or,Créteil,94000,0628234567
172,AliMelinda940@outlook.com,France,Ali,Zerouali,8 Rue du Clos Vougeot,Créteil,94000,0629234567
173,MagouRap932@outlook.com,France,Magou,Ebenezer,16 rue Salvador Allende,Stains,93240,0630234567
174,LindaZap931@gmail.com,France,Linda,Ouchene,2 rue Paul Verlaine,La Courneuve,93120,0631234567
175,DjebbarDuchess934@gmail.com,France,Areski,Djebbar,5 rue du Président Georges Pompidou,Dugny,93440,0632234567
176,MebarkiGold951@gmail.com,France,Ryad,Mebarki,36 rue Jean Moulin,Garges les Gonesse,95140,0633234567
177,DjebbarZap951@gmail.com,France,Sabrina,Djebbar,9 rue des Doucettes,Garges les Gonesses,95140,0634234567
178,BediaGold942@gmail.com,France,Michael,Bedia,65 boulevard Hippolyte Marques,Ivry Sur Seine,94200,0635234567
179,MendesDuchess956@gmail.com,France,Mendes,JB,5 avenue Albert 1er,Eaubonne,95600,0636234567
180,DjebbarZap779@gmail.com,France,Ismael,Djebbar,6 rue de Bosnier,Le Mesnil Amelot,77990,0637234567
181,ZeroualiGold940@gmail.com,France,Hakim,Zerouali,1 allee de la cote d'or,Créteil,94000,0638234567
182,ZeroualiDuchess940@gmail.com,France,Ali,Zerouali,8 Rue du Clos Vougeot,Créteil,94000,0639234567
183,EbenezerZap932@gmail.com,France,Magou,Ebenezer,16 rue Salvador Allende,Stains,93240,0640234567
