ID_USER_BILLING,EMAIL_BILLING,COUNTRY_BILLING,FIRST_NAME_BILLING,LAST_NAME_BILLING,ADDRESS_BILLING,CITY_BILLING,ZIP_BILLING,PHONE_BILLING
987,lea.roux@gmail.com,France,Léa,ROUX,9 avenue de la Liberté,Paris,75002,0689725031
988,adam.dufour@gmail.com,France,Adam,DUFOUR,18 rue des Acacias,Lyon,69003,0678124590
989,clara.bertrand@gmail.com,France,Clara,BERTRAND,10 rue des Roses,Marseille,13002,0678352176
990,thomas.meyer@gmail.com,France,Thomas,MEYER,5 avenue des Champs,Strasbourg,67000,0689725360
991,lucie.bernard@gmail.com,France,Lucie,BERNARD,21 rue Victor Hugo,Nantes,44000,0678354912
992,antoine.david@gmail.com,France,Antoine,DAVID,14 rue du Paradis,Montpellier,34000,0689725318
993,sarah.moreau@gmail.com,France,Sarah,MOREAU,29 boulevard Victor Hugo,Toulouse,31000,0678315369
994,louis.leroux@gmail.com,France,Louis,LEROUX,8 rue de la Paix,Paris,75003,0687203945
995,clara.marchand@gmail.com,France,Clara,MARCHAND,12 avenue du Soleil,Lyon,69004,0678123654
996,amelie.robin@gmail.com,France,Amélie,ROBIN,3 rue des Lilas,Marseille,13005,0687325910
997,pierre.lemaitre@gmail.com,France,Pierre,LEMAITRE,17 avenue de la République,Lille,59000,0678123467
998,luc.dumas@gmail.com,France,Luc,DUMAS,25 rue des Écoles,Bordeaux,33000,0689724152
999,emma.rodriguez@gmail.com,France,Emma,RODRIGUEZ,11 avenue des Fleurs,Nice,06000,0678352978
1000,antoine.martin@gmail.com,France,Antoine,MARTIN,6 rue des Charmes,Strasbourg,67000,0687210398
1001,julie.fernandez@gmail.com,France,Julie,FERNANDEZ,28 rue du Temple,Nantes,44000,0678354021
1002,lucas.sanchez@gmail.com,France,Lucas,SANCHEZ,9 avenue des Peupliers,Montpellier,34000,0689725134
1003,lea.blanc@gmail.com,France,Léa,BLANC,15 rue du Commerce,Toulouse,31000,0678315092
1004,sacha.girard@gmail.com,France,Sacha,GIRARD,7 boulevard de la Mer,Marseille,13006,0687203945
1005,manon.petit@gmail.com,France,Manon,PETIT,13 avenue des Roses,Lyon,69005,0678123654
1006,amel.bouvier@gmail.com,France,Amel,BOUVIER,19 rue Victor Hugo,Lyon,69002,0687325190
1007,pierre.dupont@gmail.com,France,Pierre,DUPONT,2 rue des Champs,Paris,75008,0678123412
1008,lucie.roy@gmail.com,France,Lucie,ROY,10 avenue de la Liberté,Toulouse,31000,0689724198
1009,emma.giraud@gmail.com,France,Emma,GIRAUD,8 rue du Moulin,Nantes,44000,0678352917
1010,antoine.bertrand@gmail.com,France,Antoine,BERTRAND,5 boulevard des Alouettes,Lille,59000,0687210398
1011,julien.moreau@gmail.com,France,Julien,MOREAU,12 rue de la Paix,Lyon,69003,0678354021
1012,lucille.brun@gmail.com,France,Lucille,BRUN,3 avenue Foch,Marseille,13008,0689725134
1013,lea.marchand@gmail.com,France,Léa,MARCHAND,9 rue du Paradis,Bordeaux,33000,0678315092
1014,samuel.pierre@gmail.com,France,Samuel,PIERRE,20 rue des Érables,Strasbourg,67000,0687203945
1015,manon.lefebvre@gmail.com,France,Manon,LEFEBVRE,16 avenue du Soleil,Nice,06000,0678123654
1016,melanie.renard@gmail.com,France,Mélanie,RENAUD,25 boulevard Pasteur
1017,romain.dupuis@gmail.com,France,Romain,DUPUIS,7 rue des Lilas,Paris,75010,0678123412
1018,lucas.dumont@gmail.com,France,Lucas,DUMONT,14 avenue Victor Hugo,Lyon,69004,0689724198
1019,camille.roche@gmail.com,France,Camille,ROCHE,11 rue de la République,Marseille,13009,0678352917
1020,amelie.martin@gmail.com,France,Amélie,MARTIN,18 avenue des Acacias,Bordeaux,33000,0687210398
1021,mathilde.girard@gmail.com,France,Mathilde,GIRARD,6 rue du Commerce,Nice,06000,0678354021
1022,simon.meyer@gmail.com,France,Simon,MEYER,21 avenue du Parc,Strasbourg,67000,0689725134
1023,lea.dupuis@gmail.com,France,Léa,DUPUIS,5 rue des Roses,Lyon,69006,0678315092
1024,lucas.martin@gmail.com,France,Lucas,MARTIN,19 boulevard de la Mer,Marseille,13007,0687203945
1025,manon.rodriguez@gmail.com,France,Manon,RODRIGUEZ,13 avenue des Pins,Toulouse,31000,0678123654
1026,thomas.lemoine@gmail.com,France,Thomas,LEMOINE,22 rue de la Paix,Lyon,69007,0687325190
1027,julie.robin@gmail.com,France,Julie,ROBIN,10 avenue des Lilas,Paris,75011,0678123412
1028,pauline.leclerc@gmail.com,France,Pauline,LECLERC,17 rue Victor Hugo,Toulouse,31000,0689724198
1029,alexandre.david@gmail.com,France,Alexandre,DAVID,4 avenue du Soleil,Nantes,44000,0678352917
1030,laura.legrand@gmail.com,France,Laura,LEGRAND,29 boulevard des Acacias,Lille,59000,0687210398
1031,benjamin.martin@gmail.com,France,Benjamin,MARTIN,8 rue de la Liberté,Marseille,13008,0678354021
1032,clara.dubois@gmail.com,France,Clara,DUBOIS,15 avenue Foch,Nice,06000,0689725134
1033,théo.rousseau@gmail.com,France,Théo,ROUSSEAU,21 rue des Érables,Bordeaux,33000,0678315092
1034,elodie.francois@gmail.com,France,Élodie,FRANÇOIS,12 avenue du Parc,Strasbourg,67000,0687203945
1035,nathan.lefebvre@gmail.com,France,Nathan,LEFEBVRE,27 boulevard Pasteur,Toulouse,31000,0678123654
1036,sarah.dupont@gmail.com,France,Sarah,DUPONT,6 rue des Champs,Paris,75015,0689123456
1038,emma.dubois@gmail.com,France,Emma,DUBOIS,9 rue de la Fontaine,Nantes,44000,0689345678
1039,antoine.roussel@gmail.com,France,Antoine,ROUSSEL,32 avenue Victor Hugo,Marseille,13006,0678456789
1040,juliette.leclercq@gmail.com,France,Juliette,LECLERCQ,18 rue du Commerce,Lille,59000,0689567890
1041,louis.martinelli@gmail.com,France,Louis,MARTINELLI,23 avenue des Orangers,Toulouse,31000,0678678901
1042,claire.dumont@gmail.com,France,Claire,DUMONT,7 rue des Lilas,Bordeaux,33000,0689789012
1043,pierre.rodriguez@gmail.com,France,Pierre,RODRIGUEZ,5 avenue de la République,Nice,06000,0678901234
1044,manon.robert@gmail.com,France,Manon,ROBERT,11 rue du Moulin,Strasbourg,67000,0689012345
1045,gabriel.dufour@gmail.com,France,Gabriel,DUFOUR,26 boulevard Voltaire,Lyon,69003,0678123456
1046,léa.moreau@gmail.com,France,Léa,MOREAU,20 rue de la Gare,Paris,75010,0689234567
1047,léo.petit@gmail.com,France,Léo,PETIT,3 avenue du Soleil,Nantes,44000,0678345678
1048,lucie.david@gmail.com,France,Lucie,DAVID,16 rue des Roses,Marseille,13009,0689456789
1049,thibault.durand@gmail.com,France,Thibault,DURAND,31 avenue Foch,Lille,59000,0678567890
1050,louise.chevalier@gmail.com,France,Louise,CHEVALIER,13 rue Victor Hugo,Toulouse,31000,0689678901
1051,adam.boucher@gmail.com,France,Adam,BOUCHER,19 avenue du Parc,Bordeaux,33000,0678901234
1052,élise.mercier@gmail.com,France,Élise,MERCIER,25 boulevard Pasteur,Lyon,69004,0678123456
1053,axel.brun@gmail.com,France,Axel,BRUN,2 rue des Champs,Paris,75018,0689234567
1054,zoé.blanc@gmail.com,France,Zoé,BLANC,8 avenue des Lilas,Marseille,13007,0678345678
1055,romain.girard@gmail.com,France,Romain,GIRARD,21 rue du Commerce,Lille,59000,0689456789
1056,lea.rodriguez@gmail.com,France,Léa,RODRIGUEZ,17 rue de la Liberté,Bordeaux,33000,0678567890
1057,noah.roy@gmail.com,France,Noah,ROY,10 avenue du Lac,Lyon,69005,0689678901
1058,clara.leroy@gmail.com,France,Clara,LEROY,22 rue de la Paix,Nantes,44000,0678901234
1059,thomas.louis@gmail.com,France,Thomas,LOUIS,4 avenue des Fleurs,Toulouse,31000,0678123456
1060,elodie.fournier@gmail.com,France,Elodie,FOURNIER,15 rue Victor Hugo,Marseille,13010,0689234567
1061,gabriel.garcia@gmail.com,France,Gabriel,GARCIA,30 boulevard des Alpes,Paris,75020,0678345678
1062,lucie.martin@gmail.com,France,Lucie,MARTIN,12 rue du Temple,Lille,59000,0689456789
1063,adam.robin@gmail.com,France,Adam,ROBIN,27 avenue du Maréchal Juin,Bordeaux,33000,0678567890
1064,sarah.dupuis@gmail.com,France,Sarah,DUPUIS,9 rue des Chênes,Lyon,69006,0689678901
1065,emma.roche@gmail.com,France,Emma,ROCHE,14 avenue du Président Wilson,Nantes,44000,0678901234
1066,louis.gauthier@gmail.com,France,Louis,GAUTHIER,19 rue de la Croix Rouge,Toulouse,31000,0678123456
1067,manon.giraud@gmail.com,France,Manon,GIRAUD,8 avenue de la Plage,Marseille,13011,0689234567
1068,paul.martin@gmail.com,France,Paul,MARTIN,23 boulevard Clemenceau,Paris,75015,0678345678
1069,juliette.dubois@gmail.com,France,Juliette,DUBOIS,10 rue du Pont Neuf,Lille,59000,0689456789
1070,adam.mercier@gmail.com,France,Adam,MERCIER,17 avenue de la Liberté,Bordeaux,33000,0678567890
1071,emma.petit@gmail.com,France,Emma,PETIT,12 rue des Lilas,Lyon,69007,0689678901
1072,lucas.rodriguez@gmail.com,France,Lucas,RODRIGUEZ,29 avenue de la Gare,Nantes,44000,0678901234
1073,claire.brun@gmail.com,France,Claire,BRUN,6 rue Victor Hugo,Toulouse,31000,0678123456
1074,léa.robert@gmail.com,France,Léa,ROBERT,11 avenue du Commerce,Marseille,13012,0689234567
1075,noah.durand@gmail.com,France,Noah,DURAND,25 boulevard Voltaire,Paris,75016,0678345678